taille;selection_sort_min_s;selection_sort_moyenne_s;bubble_sort_min_s;bubble_sort_moyenne_s;insertion_sort_min_s;insertion_sort_moyenne_s;quick_sort_input_order_min_s;quick_sort_input_order_moyenne_s;merge_sort_min_s;merge_sort_moyenne_s;heap_sort_min_s;heap_sort_moyenne_s
100;0.000021300000;0.000021595000;0.000013700000;0.000013975000;0.000011500000;0.000016330000;0.000006600000;0.000007495000;0.000003100000;0.000003325000;0.000003100000;0.000004045000
500;0.000629600000;0.000657150000;0.000359100000;0.000387225000;0.000259200000;0.000277950000;0.000038800000;0.000048330000;0.000018500000;0.000023160000;0.000046600000;0.000054390000
1000;0.002603400000;0.002732060000;0.001440300000;0.001566800000;0.001019800000;0.001119755000;0.000079900000;0.000091080000;0.000039000000;0.000042875000;0.000108600000;0.000120395000
5000;0.067415900000;0.068532705000;0.038229800000;0.038960445000;0.025455800000;0.026613395000;0.000441000000;0.000473540000;0.000214400000;0.000242340000;0.000596100000;0.000629930000
10000;0.269582300000;0.273849415000;0.154563300000;0.158093215000;0.103939800000;0.107179930000;0.000871900000;0.000971275000;0.000448900000;0.000487955000;0.001239900000;0.001330035000
20000;1.091787200000;1.136833815000;0.627229400000;0.692111055000;0.422430100000;0.486229700000;0.001862700000;0.002152740000;0.000903800000;0.001160815000;0.002582800000;0.002864585000
50000;non_mesure;non_mesure;non_mesure;non_mesure;non_mesure;non_mesure;0.004812600000;0.005192135000;0.002550900000;0.002690995000;0.006860900000;0.007165860000
100000;non_mesure;non_mesure;non_mesure;non_mesure;non_mesure;non_mesure;0.010089200000;0.011043805000;0.005346600000;0.006104795000;0.014432900000;0.014872815000
500000;non_mesure;non_mesure;non_mesure;non_mesure;non_mesure;non_mesure;0.057457300000;0.066780235000;0.030414000000;0.036689260000;0.079456500000;0.092387120000
1000000;non_mesure;non_mesure;non_mesure;non_mesure;non_mesure;non_mesure;0.118035900000;0.124212920000;0.065679500000;0.070557930000;0.166242100000;0.171784590000
