configuration;taille;algorithme;statut;minimum_s;moyenne_s
aleatoire;100;selection_sort;mesure;0.000025900000;0.000027765000
aleatoire;100;bubble_sort;mesure;0.000033100000;0.000038475000
aleatoire;100;insertion_sort;mesure;0.000008800000;0.000009870000
aleatoire;100;quick_sort_input_order;mesure;0.000011400000;0.000012400000
aleatoire;100;merge_sort;mesure;0.000012700000;0.000014480000
aleatoire;100;heap_sort;mesure;0.000012400000;0.000013325000
aleatoire;500;selection_sort;mesure;0.000649400000;0.000687745000
aleatoire;500;bubble_sort;mesure;0.000423400000;0.000560850000
aleatoire;500;insertion_sort;mesure;0.000126200000;0.000156735000
aleatoire;500;quick_sort_input_order;mesure;0.000058900000;0.000067100000
aleatoire;500;merge_sort;mesure;0.000062100000;0.000072615000
aleatoire;500;heap_sort;mesure;0.000065300000;0.000073850000
aleatoire;1000;selection_sort;mesure;0.002625800000;0.002913365000
aleatoire;1000;bubble_sort;mesure;0.001507900000;0.002336830000
aleatoire;1000;insertion_sort;mesure;0.000505000000;0.000562835000
aleatoire;1000;quick_sort_input_order;mesure;0.000127500000;0.000154395000
aleatoire;1000;merge_sort;mesure;0.000134000000;0.000153360000
aleatoire;1000;heap_sort;mesure;0.000144500000;0.000166590000
aleatoire;5000;selection_sort;mesure;0.060450300000;0.076576875000
aleatoire;5000;bubble_sort;mesure;0.052932500000;0.089462080000
aleatoire;5000;insertion_sort;mesure;0.013210900000;0.019347875000
aleatoire;5000;quick_sort_input_order;mesure;0.000640900000;0.000902025000
aleatoire;5000;merge_sort;mesure;0.000688900000;0.001037750000
aleatoire;5000;heap_sort;mesure;0.000754600000;0.001085320000
aleatoire;10000;selection_sort;mesure;0.271826600000;0.290572535000
aleatoire;10000;bubble_sort;mesure;0.297710600000;0.359872205000
aleatoire;10000;insertion_sort;mesure;0.052194500000;0.060607190000
aleatoire;10000;quick_sort_input_order;mesure;0.001581000000;0.001882930000
aleatoire;10000;merge_sort;mesure;0.001455200000;0.002027495000
aleatoire;10000;heap_sort;mesure;0.001418200000;0.002170955000
aleatoire;20000;selection_sort;mesure;0.726125300000;1.122505010000
aleatoire;20000;bubble_sort;mesure;1.212559100000;1.538301915000
aleatoire;20000;insertion_sort;mesure;0.206013300000;0.236719070000
aleatoire;20000;quick_sort_input_order;mesure;0.002533400000;0.003615905000
aleatoire;20000;merge_sort;mesure;0.002870300000;0.003964400000
aleatoire;20000;heap_sort;mesure;0.003210500000;0.004470290000
aleatoire;50000;selection_sort;non_mesure;non_mesure;non_mesure
aleatoire;50000;bubble_sort;non_mesure;non_mesure;non_mesure
aleatoire;50000;insertion_sort;non_mesure;non_mesure;non_mesure
aleatoire;50000;quick_sort_input_order;mesure;0.009208400000;0.009736690000
aleatoire;50000;merge_sort;mesure;0.009521100000;0.010022895000
aleatoire;50000;heap_sort;mesure;0.011233600000;0.011810300000
aleatoire;100000;selection_sort;non_mesure;non_mesure;non_mesure
aleatoire;100000;bubble_sort;non_mesure;non_mesure;non_mesure
aleatoire;100000;insertion_sort;non_mesure;non_mesure;non_mesure
aleatoire;100000;quick_sort_input_order;mesure;0.019609200000;0.021007645000
aleatoire;100000;merge_sort;mesure;0.020622300000;0.021512625000
aleatoire;100000;heap_sort;mesure;0.024352300000;0.025776025000
aleatoire;500000;selection_sort;non_mesure;non_mesure;non_mesure
aleatoire;500000;bubble_sort;non_mesure;non_mesure;non_mesure
aleatoire;500000;insertion_sort;non_mesure;non_mesure;non_mesure
aleatoire;500000;quick_sort_input_order;mesure;0.113161100000;0.131565790000
aleatoire;500000;merge_sort;mesure;0.121245200000;0.142665010000
aleatoire;500000;heap_sort;mesure;0.153554100000;0.182480265000
aleatoire;1000000;selection_sort;non_mesure;non_mesure;non_mesure
aleatoire;1000000;bubble_sort;non_mesure;non_mesure;non_mesure
aleatoire;1000000;insertion_sort;non_mesure;non_mesure;non_mesure
aleatoire;1000000;quick_sort_input_order;mesure;0.234838800000;0.241659745000
aleatoire;1000000;merge_sort;mesure;0.248489900000;0.255272620000
aleatoire;1000000;heap_sort;mesure;0.333937000000;0.343846565000
croissant;100;selection_sort;mesure;0.000019900000;0.000020395000
croissant;100;bubble_sort;mesure;0.000000200000;0.000000335000
croissant;100;insertion_sort;mesure;0.000000400000;0.000000525000
croissant;100;quick_sort_input_order;mesure;0.000005700000;0.000006665000
croissant;100;merge_sort;mesure;0.000003000000;0.000003455000
croissant;100;heap_sort;mesure;0.000003400000;0.000005015000
croissant;500;selection_sort;mesure;0.000627800000;0.000635360000
croissant;500;bubble_sort;mesure;0.000001100000;0.000001205000
croissant;500;insertion_sort;mesure;0.000002000000;0.000002110000
croissant;500;quick_sort_input_order;mesure;0.000032300000;0.000034990000
croissant;500;merge_sort;mesure;0.000017500000;0.000017910000
croissant;500;heap_sort;mesure;0.000047400000;0.000051020000
croissant;1000;selection_sort;mesure;0.002603200000;0.002658260000
croissant;1000;bubble_sort;mesure;0.000002100000;0.000002735000
croissant;1000;insertion_sort;mesure;0.000004000000;0.000004465000
croissant;1000;quick_sort_input_order;mesure;0.000068200000;0.000079075000
croissant;1000;merge_sort;mesure;0.000036700000;0.000041620000
croissant;1000;heap_sort;mesure;0.000106300000;0.000116845000
croissant;5000;selection_sort;mesure;0.067534900000;0.068141140000
croissant;5000;bubble_sort;mesure;0.000010200000;0.000010890000
croissant;5000;insertion_sort;mesure;0.000020200000;0.000021195000
croissant;5000;quick_sort_input_order;mesure;0.000391100000;0.000421630000
croissant;5000;merge_sort;mesure;0.000207100000;0.000236540000
croissant;5000;heap_sort;mesure;0.000571500000;0.000589130000
croissant;10000;selection_sort;mesure;0.271493000000;0.274849670000
croissant;10000;bubble_sort;mesure;0.000020200000;0.000025010000
croissant;10000;insertion_sort;mesure;0.000040200000;0.000045805000
croissant;10000;quick_sort_input_order;mesure;0.000806700000;0.000949830000
croissant;10000;merge_sort;mesure;0.000431600000;0.000512210000
croissant;10000;heap_sort;mesure;0.001187400000;0.001358905000
croissant;20000;selection_sort;mesure;0.855168700000;1.122714885000
croissant;20000;bubble_sort;mesure;0.000027500000;0.000055150000
croissant;20000;insertion_sort;mesure;0.000054800000;0.000090670000
croissant;20000;quick_sort_input_order;mesure;0.001167600000;0.001987180000
croissant;20000;merge_sort;mesure;0.000625700000;0.001058400000
croissant;20000;heap_sort;mesure;0.001692400000;0.002923920000
croissant;50000;selection_sort;non_mesure;non_mesure;non_mesure
croissant;50000;bubble_sort;non_mesure;non_mesure;non_mesure
croissant;50000;insertion_sort;non_mesure;non_mesure;non_mesure
croissant;50000;quick_sort_input_order;mesure;0.003959100000;0.006387945000
croissant;50000;merge_sort;mesure;0.002359300000;0.004312090000
croissant;50000;heap_sort;mesure;0.006967300000;0.009962900000
croissant;100000;selection_sort;non_mesure;non_mesure;non_mesure
croissant;100000;bubble_sort;non_mesure;non_mesure;non_mesure
croissant;100000;insertion_sort;non_mesure;non_mesure;non_mesure
croissant;100000;quick_sort_input_order;mesure;0.009620900000;0.014509820000
croissant;100000;merge_sort;mesure;0.005484300000;0.008551050000
croissant;100000;heap_sort;mesure;0.013290700000;0.018993530000
croissant;500000;selection_sort;non_mesure;non_mesure;non_mesure
croissant;500000;bubble_sort;non_mesure;non_mesure;non_mesure
croissant;500000;insertion_sort;non_mesure;non_mesure;non_mesure
croissant;500000;quick_sort_input_order;mesure;0.053204900000;0.067794590000
croissant;500000;merge_sort;mesure;0.028631700000;0.040472495000
croissant;500000;heap_sort;mesure;0.077576900000;0.100570255000
croissant;1000000;selection_sort;non_mesure;non_mesure;non_mesure
croissant;1000000;bubble_sort;non_mesure;non_mesure;non_mesure
croissant;1000000;insertion_sort;non_mesure;non_mesure;non_mesure
croissant;1000000;quick_sort_input_order;mesure;0.112104100000;0.160218210000
croissant;1000000;merge_sort;mesure;0.062359800000;0.094456035000
croissant;1000000;heap_sort;mesure;0.157725500000;0.220125410000
decroissant;100;selection_sort;mesure;0.000021300000;0.000021595000
decroissant;100;bubble_sort;mesure;0.000013700000;0.000013975000
decroissant;100;insertion_sort;mesure;0.000011500000;0.000016330000
decroissant;100;quick_sort_input_order;mesure;0.000006600000;0.000007495000
decroissant;100;merge_sort;mesure;0.000003100000;0.000003325000
decroissant;100;heap_sort;mesure;0.000003100000;0.000004045000
decroissant;500;selection_sort;mesure;0.000629600000;0.000657150000
decroissant;500;bubble_sort;mesure;0.000359100000;0.000387225000
decroissant;500;insertion_sort;mesure;0.000259200000;0.000277950000
decroissant;500;quick_sort_input_order;mesure;0.000038800000;0.000048330000
decroissant;500;merge_sort;mesure;0.000018500000;0.000023160000
decroissant;500;heap_sort;mesure;0.000046600000;0.000054390000
decroissant;1000;selection_sort;mesure;0.002603400000;0.002732060000
decroissant;1000;bubble_sort;mesure;0.001440300000;0.001566800000
decroissant;1000;insertion_sort;mesure;0.001019800000;0.001119755000
decroissant;1000;quick_sort_input_order;mesure;0.000079900000;0.000091080000
decroissant;1000;merge_sort;mesure;0.000039000000;0.000042875000
decroissant;1000;heap_sort;mesure;0.000108600000;0.000120395000
decroissant;5000;selection_sort;mesure;0.067415900000;0.068532705000
decroissant;5000;bubble_sort;mesure;0.038229800000;0.038960445000
decroissant;5000;insertion_sort;mesure;0.025455800000;0.026613395000
decroissant;5000;quick_sort_input_order;mesure;0.000441000000;0.000473540000
decroissant;5000;merge_sort;mesure;0.000214400000;0.000242340000
decroissant;5000;heap_sort;mesure;0.000596100000;0.000629930000
decroissant;10000;selection_sort;mesure;0.269582300000;0.273849415000
decroissant;10000;bubble_sort;mesure;0.154563300000;0.158093215000
decroissant;10000;insertion_sort;mesure;0.103939800000;0.107179930000
decroissant;10000;quick_sort_input_order;mesure;0.000871900000;0.000971275000
decroissant;10000;merge_sort;mesure;0.000448900000;0.000487955000
decroissant;10000;heap_sort;mesure;0.001239900000;0.001330035000
decroissant;20000;selection_sort;mesure;1.091787200000;1.136833815000
decroissant;20000;bubble_sort;mesure;0.627229400000;0.692111055000
decroissant;20000;insertion_sort;mesure;0.422430100000;0.486229700000
decroissant;20000;quick_sort_input_order;mesure;0.001862700000;0.002152740000
decroissant;20000;merge_sort;mesure;0.000903800000;0.001160815000
decroissant;20000;heap_sort;mesure;0.002582800000;0.002864585000
decroissant;50000;selection_sort;non_mesure;non_mesure;non_mesure
decroissant;50000;bubble_sort;non_mesure;non_mesure;non_mesure
decroissant;50000;insertion_sort;non_mesure;non_mesure;non_mesure
decroissant;50000;quick_sort_input_order;mesure;0.004812600000;0.005192135000
decroissant;50000;merge_sort;mesure;0.002550900000;0.002690995000
decroissant;50000;heap_sort;mesure;0.006860900000;0.007165860000
decroissant;100000;selection_sort;non_mesure;non_mesure;non_mesure
decroissant;100000;bubble_sort;non_mesure;non_mesure;non_mesure
decroissant;100000;insertion_sort;non_mesure;non_mesure;non_mesure
decroissant;100000;quick_sort_input_order;mesure;0.010089200000;0.011043805000
decroissant;100000;merge_sort;mesure;0.005346600000;0.006104795000
decroissant;100000;heap_sort;mesure;0.014432900000;0.014872815000
decroissant;500000;selection_sort;non_mesure;non_mesure;non_mesure
decroissant;500000;bubble_sort;non_mesure;non_mesure;non_mesure
decroissant;500000;insertion_sort;non_mesure;non_mesure;non_mesure
decroissant;500000;quick_sort_input_order;mesure;0.057457300000;0.066780235000
decroissant;500000;merge_sort;mesure;0.030414000000;0.036689260000
decroissant;500000;heap_sort;mesure;0.079456500000;0.092387120000
decroissant;1000000;selection_sort;non_mesure;non_mesure;non_mesure
decroissant;1000000;bubble_sort;non_mesure;non_mesure;non_mesure
decroissant;1000000;insertion_sort;non_mesure;non_mesure;non_mesure
decroissant;1000000;quick_sort_input_order;mesure;0.118035900000;0.124212920000
decroissant;1000000;merge_sort;mesure;0.065679500000;0.070557930000
decroissant;1000000;heap_sort;mesure;0.166242100000;0.171784590000
presque_trie;100;selection_sort;mesure;0.000020100000;0.000020795000
presque_trie;100;bubble_sort;mesure;0.000000600000;0.000008205000
presque_trie;100;insertion_sort;mesure;0.000000500000;0.000000805000
presque_trie;100;quick_sort_input_order;mesure;0.000006100000;0.000007050000
presque_trie;100;merge_sort;mesure;0.000003300000;0.000004690000
presque_trie;100;heap_sort;mesure;0.000005900000;0.000008275000
presque_trie;500;selection_sort;mesure;0.000628400000;0.000637080000
presque_trie;500;bubble_sort;mesure;0.000128100000;0.000286275000
presque_trie;500;insertion_sort;mesure;0.000004100000;0.000006930000
presque_trie;500;quick_sort_input_order;mesure;0.000033300000;0.000039245000
presque_trie;500;merge_sort;mesure;0.000021600000;0.000029550000
presque_trie;500;heap_sort;mesure;0.000052200000;0.000057080000
presque_trie;1000;selection_sort;mesure;0.002596500000;0.002653455000
presque_trie;1000;bubble_sort;mesure;0.000789600000;0.001039155000
presque_trie;1000;insertion_sort;mesure;0.000015500000;0.000022190000
presque_trie;1000;quick_sort_input_order;mesure;0.000076300000;0.000096395000
presque_trie;1000;merge_sort;mesure;0.000045800000;0.000051775000
presque_trie;1000;heap_sort;mesure;0.000110100000;0.000115250000
presque_trie;5000;selection_sort;mesure;0.066533100000;0.068028770000
presque_trie;5000;bubble_sort;mesure;0.027040800000;0.029701710000
presque_trie;5000;insertion_sort;mesure;0.000304200000;0.000404165000
presque_trie;5000;quick_sort_input_order;mesure;0.000440200000;0.000500840000
presque_trie;5000;merge_sort;mesure;0.000263600000;0.000314420000
presque_trie;5000;heap_sort;mesure;0.000592100000;0.000628440000
presque_trie;10000;selection_sort;mesure;0.271717700000;0.274081795000
presque_trie;10000;bubble_sort;mesure;0.111218300000;0.118569060000
presque_trie;10000;insertion_sort;mesure;0.001246500000;0.001459300000
presque_trie;10000;quick_sort_input_order;mesure;0.000921800000;0.001004865000
presque_trie;10000;merge_sort;mesure;0.000542100000;0.000593860000
presque_trie;10000;heap_sort;mesure;0.001237200000;0.001336355000
presque_trie;20000;selection_sort;mesure;1.092159600000;1.129677145000
presque_trie;20000;bubble_sort;mesure;0.454531900000;0.585396825000
presque_trie;20000;insertion_sort;mesure;0.005305600000;0.006923435000
presque_trie;20000;quick_sort_input_order;mesure;0.001900900000;0.002438880000
presque_trie;20000;merge_sort;mesure;0.001138100000;0.001577955000
presque_trie;20000;heap_sort;mesure;0.002569900000;0.003202660000
presque_trie;50000;selection_sort;non_mesure;non_mesure;non_mesure
presque_trie;50000;bubble_sort;non_mesure;non_mesure;non_mesure
presque_trie;50000;insertion_sort;non_mesure;non_mesure;non_mesure
presque_trie;50000;quick_sort_input_order;mesure;0.005225900000;0.005964290000
presque_trie;50000;merge_sort;mesure;0.003040200000;0.003165200000
presque_trie;50000;heap_sort;mesure;0.006726300000;0.006984965000
presque_trie;100000;selection_sort;non_mesure;non_mesure;non_mesure
presque_trie;100000;bubble_sort;non_mesure;non_mesure;non_mesure
presque_trie;100000;insertion_sort;non_mesure;non_mesure;non_mesure
presque_trie;100000;quick_sort_input_order;mesure;0.010412000000;0.011058755000
presque_trie;100000;merge_sort;mesure;0.006384800000;0.007235815000
presque_trie;100000;heap_sort;mesure;0.014295000000;0.015093180000
presque_trie;500000;selection_sort;non_mesure;non_mesure;non_mesure
presque_trie;500000;bubble_sort;non_mesure;non_mesure;non_mesure
presque_trie;500000;insertion_sort;non_mesure;non_mesure;non_mesure
presque_trie;500000;quick_sort_input_order;mesure;0.057839000000;0.060052495000
presque_trie;500000;merge_sort;mesure;0.036806300000;0.039472640000
presque_trie;500000;heap_sort;mesure;0.079102900000;0.082010400000
presque_trie;1000000;selection_sort;non_mesure;non_mesure;non_mesure
presque_trie;1000000;bubble_sort;non_mesure;non_mesure;non_mesure
presque_trie;1000000;insertion_sort;non_mesure;non_mesure;non_mesure
presque_trie;1000000;quick_sort_input_order;mesure;0.120522900000;0.130974770000
presque_trie;1000000;merge_sort;mesure;0.077798300000;0.087435380000
presque_trie;1000000;heap_sort;mesure;0.162955900000;0.171772205000
valeurs_repetees;100;selection_sort;mesure;0.000025100000;0.000026710000
valeurs_repetees;100;bubble_sort;mesure;0.000022800000;0.000028825000
valeurs_repetees;100;insertion_sort;mesure;0.000005900000;0.000007145000
valeurs_repetees;100;quick_sort_input_order;mesure;0.000007500000;0.000008490000
valeurs_repetees;100;merge_sort;mesure;0.000009800000;0.000015555000
valeurs_repetees;100;heap_sort;mesure;0.000008900000;0.000010360000
valeurs_repetees;500;selection_sort;mesure;0.000639700000;0.000666435000
valeurs_repetees;500;bubble_sort;mesure;0.000375000000;0.000416690000
valeurs_repetees;500;insertion_sort;mesure;0.000113600000;0.000127840000
valeurs_repetees;500;quick_sort_input_order;mesure;0.000058700000;0.000061880000
valeurs_repetees;500;merge_sort;mesure;0.000056600000;0.000061365000
valeurs_repetees;500;heap_sort;mesure;0.000059100000;0.000060915000
valeurs_repetees;1000;selection_sort;mesure;0.002610400000;0.002636945000
valeurs_repetees;1000;bubble_sort;mesure;0.001350300000;0.001487165000
valeurs_repetees;1000;insertion_sort;mesure;0.000448300000;0.000501190000
valeurs_repetees;1000;quick_sort_input_order;mesure;0.000169700000;0.000191665000
valeurs_repetees;1000;merge_sort;mesure;0.000118400000;0.000125700000
valeurs_repetees;1000;heap_sort;mesure;0.000123400000;0.000133430000
valeurs_repetees;5000;selection_sort;mesure;0.067034500000;0.071631900000
valeurs_repetees;5000;bubble_sort;mesure;0.049125200000;0.055205555000
valeurs_repetees;5000;insertion_sort;mesure;0.011153300000;0.012233100000
valeurs_repetees;5000;quick_sort_input_order;mesure;0.002878000000;0.003347700000
valeurs_repetees;5000;merge_sort;mesure;0.000622100000;0.000689915000
valeurs_repetees;5000;heap_sort;mesure;0.000645100000;0.000722580000
valeurs_repetees;10000;selection_sort;mesure;0.271274600000;0.278515275000
valeurs_repetees;10000;bubble_sort;mesure;0.288789300000;0.320323995000
valeurs_repetees;10000;insertion_sort;mesure;0.046277600000;0.056473665000
valeurs_repetees;10000;quick_sort_input_order;mesure;0.011029100000;0.014593470000
valeurs_repetees;10000;merge_sort;mesure;0.001265200000;0.001478655000
valeurs_repetees;10000;heap_sort;mesure;0.001300500000;0.001560985000
valeurs_repetees;20000;selection_sort;mesure;0.698762000000;0.974539860000
valeurs_repetees;20000;bubble_sort;mesure;0.970771500000;1.252593290000
valeurs_repetees;20000;insertion_sort;mesure;0.107327100000;0.177075145000
valeurs_repetees;20000;quick_sort_input_order;mesure;0.027404900000;0.042600255000
valeurs_repetees;20000;merge_sort;mesure;0.001384400000;0.002520740000
valeurs_repetees;20000;heap_sort;mesure;0.001425900000;0.002552655000
valeurs_repetees;50000;selection_sort;non_mesure;non_mesure;non_mesure
valeurs_repetees;50000;bubble_sort;non_mesure;non_mesure;non_mesure
valeurs_repetees;50000;insertion_sort;non_mesure;non_mesure;non_mesure
valeurs_repetees;50000;quick_sort_input_order;non_mesure;non_mesure;non_mesure
valeurs_repetees;50000;merge_sort;mesure;0.005528900000;0.006595755000
valeurs_repetees;50000;heap_sort;mesure;0.005666000000;0.006884475000
valeurs_repetees;100000;selection_sort;non_mesure;non_mesure;non_mesure
valeurs_repetees;100000;bubble_sort;non_mesure;non_mesure;non_mesure
valeurs_repetees;100000;insertion_sort;non_mesure;non_mesure;non_mesure
valeurs_repetees;100000;quick_sort_input_order;non_mesure;non_mesure;non_mesure
valeurs_repetees;100000;merge_sort;mesure;0.009154200000;0.012556135000
valeurs_repetees;100000;heap_sort;mesure;0.007937900000;0.012679845000
valeurs_repetees;500000;selection_sort;non_mesure;non_mesure;non_mesure
valeurs_repetees;500000;bubble_sort;non_mesure;non_mesure;non_mesure
valeurs_repetees;500000;insertion_sort;non_mesure;non_mesure;non_mesure
valeurs_repetees;500000;quick_sort_input_order;non_mesure;non_mesure;non_mesure
valeurs_repetees;500000;merge_sort;mesure;0.045282800000;0.048575295000
valeurs_repetees;500000;heap_sort;mesure;0.045325300000;0.049486630000
valeurs_repetees;1000000;selection_sort;non_mesure;non_mesure;non_mesure
valeurs_repetees;1000000;bubble_sort;non_mesure;non_mesure;non_mesure
valeurs_repetees;1000000;insertion_sort;non_mesure;non_mesure;non_mesure
valeurs_repetees;1000000;quick_sort_input_order;non_mesure;non_mesure;non_mesure
valeurs_repetees;1000000;merge_sort;mesure;0.092465300000;0.107236725000
valeurs_repetees;1000000;heap_sort;mesure;0.094163100000;0.117080170000
quick_equilibre;100;quick_sort_input_order;mesure;0.000001400000;0.000001605000
quick_equilibre;500;quick_sort_input_order;mesure;0.000009400000;0.000009745000
quick_equilibre;1000;quick_sort_input_order;mesure;0.000020600000;0.000020685000
quick_equilibre;5000;quick_sort_input_order;mesure;0.000095200000;0.000113280000
quick_equilibre;10000;quick_sort_input_order;mesure;0.000197800000;0.000253100000
quick_equilibre;20000;quick_sort_input_order;mesure;0.000540200000;0.000715060000
quick_equilibre;50000;quick_sort_input_order;mesure;0.001727600000;0.002483165000
quick_equilibre;100000;quick_sort_input_order;mesure;0.003267600000;0.004508260000
quick_equilibre;500000;quick_sort_input_order;mesure;0.016037600000;0.026058585000
quick_equilibre;1000000;quick_sort_input_order;mesure;0.034281200000;0.053111170000
quick_aleatoire;100;quick_sort_input_order;mesure;0.000009100000;0.000010880000
quick_aleatoire;500;quick_sort_input_order;mesure;0.000055500000;0.000058350000
quick_aleatoire;1000;quick_sort_input_order;mesure;0.000122300000;0.000129790000
quick_aleatoire;5000;quick_sort_input_order;mesure;0.000621000000;0.000834145000
quick_aleatoire;10000;quick_sort_input_order;mesure;0.001568100000;0.001675675000
quick_aleatoire;20000;quick_sort_input_order;mesure;0.002212800000;0.002917550000
quick_aleatoire;50000;quick_sort_input_order;mesure;0.008217600000;0.009365545000
quick_aleatoire;100000;quick_sort_input_order;mesure;0.019569400000;0.020335405000
quick_aleatoire;500000;quick_sort_input_order;mesure;0.062315800000;0.098404475000
quick_aleatoire;1000000;quick_sort_input_order;mesure;0.138757900000;0.207979365000
quick_egaux;100;quick_sort_input_order;mesure;0.000010900000;0.000023905000
quick_egaux;500;quick_sort_input_order;mesure;0.000213600000;0.000249185000
quick_egaux;1000;quick_sort_input_order;mesure;0.000976700000;0.001040045000
quick_egaux;5000;quick_sort_input_order;mesure;0.024319800000;0.027971450000
quick_egaux;10000;quick_sort_input_order;mesure;0.074805100000;0.102042615000
quick_egaux;20000;quick_sort_input_order;mesure;0.254889600000;0.360778875000
quick_egaux;50000;quick_sort_input_order;non_mesure;non_mesure;non_mesure
quick_egaux;100000;quick_sort_input_order;non_mesure;non_mesure;non_mesure
quick_egaux;500000;quick_sort_input_order;non_mesure;non_mesure;non_mesure
quick_egaux;1000000;quick_sort_input_order;non_mesure;non_mesure;non_mesure
