configuration;taille;repetition;algorithme;graine_entree;graine_pivot;temps_s
croissant;100;1;selection_sort;1645979601;2390769478;0.000013100000
croissant;100;1;bubble_sort;1645979601;2390769478;0.000000400000
croissant;100;1;insertion_sort;1645979601;2390769478;0.000000900000
croissant;100;1;quick_sort_input_order;1645979601;2390769478;0.000006900000
croissant;100;1;merge_sort;1645979601;2390769478;0.000004000000
croissant;100;1;heap_sort;1645979601;2390769478;0.000020400000
croissant;100;2;selection_sort;3893246816;76915703;0.000012800000
croissant;100;2;bubble_sort;3893246816;76915703;0.000000400000
croissant;100;2;insertion_sort;3893246816;76915703;0.000000400000
croissant;100;2;quick_sort_input_order;3893246816;76915703;0.000006800000
croissant;100;2;merge_sort;3893246816;76915703;0.000004600000
croissant;100;2;heap_sort;3893246816;76915703;0.000006500000
croissant;100;3;selection_sort;2077579972;2538521171;0.000012200000
croissant;100;3;bubble_sort;2077579972;2538521171;0.000000400000
croissant;100;3;insertion_sort;2077579972;2538521171;0.000000700000
croissant;100;3;quick_sort_input_order;2077579972;2538521171;0.000006900000
croissant;100;3;merge_sort;2077579972;2538521171;0.000004700000
croissant;100;3;heap_sort;2077579972;2538521171;0.000015800000
croissant;100;4;selection_sort;4231365122;279845525;0.000012300000
croissant;100;4;bubble_sort;4231365122;279845525;0.000000400000
croissant;100;4;insertion_sort;4231365122;279845525;0.000000400000
croissant;100;4;quick_sort_input_order;4231365122;279845525;0.000007800000
croissant;100;4;merge_sort;4231365122;279845525;0.000004600000
croissant;100;4;heap_sort;4231365122;279845525;0.000006200000
croissant;100;5;selection_sort;1240849561;2775467022;0.000026800000
croissant;100;5;bubble_sort;1240849561;2775467022;0.000000400000
croissant;100;5;insertion_sort;1240849561;2775467022;0.000000400000
croissant;100;5;quick_sort_input_order;1240849561;2775467022;0.000007200000
croissant;100;5;merge_sort;1240849561;2775467022;0.000005400000
croissant;100;5;heap_sort;1240849561;2775467022;0.000006700000
croissant;100;6;selection_sort;3682812267;924375548;0.000021400000
croissant;100;6;bubble_sort;3682812267;924375548;0.000000400000
croissant;100;6;insertion_sort;3682812267;924375548;0.000000400000
croissant;100;6;quick_sort_input_order;3682812267;924375548;0.000006800000
croissant;100;6;merge_sort;3682812267;924375548;0.000006100000
croissant;100;6;heap_sort;3682812267;924375548;0.000006500000
croissant;100;7;selection_sort;1090466603;2892278716;0.000012900000
croissant;100;7;bubble_sort;1090466603;2892278716;0.000000400000
croissant;100;7;insertion_sort;1090466603;2892278716;0.000000500000
croissant;100;7;quick_sort_input_order;1090466603;2892278716;0.000007000000
croissant;100;7;merge_sort;1090466603;2892278716;0.000004500000
croissant;100;7;heap_sort;1090466603;2892278716;0.000006000000
croissant;100;8;selection_sort;3561156806;953772113;0.000012400000
croissant;100;8;bubble_sort;3561156806;953772113;0.000000400000
croissant;100;8;insertion_sort;3561156806;953772113;0.000000400000
croissant;100;8;quick_sort_input_order;3561156806;953772113;0.000012800000
croissant;100;8;merge_sort;3561156806;953772113;0.000005600000
croissant;100;8;heap_sort;3561156806;953772113;0.000007700000
croissant;100;9;selection_sort;3056517434;1521834413;0.000013400000
croissant;100;9;bubble_sort;3056517434;1521834413;0.000000400000
croissant;100;9;insertion_sort;3056517434;1521834413;0.000000400000
croissant;100;9;quick_sort_input_order;3056517434;1521834413;0.000012200000
croissant;100;9;merge_sort;3056517434;1521834413;0.000004500000
croissant;100;9;heap_sort;3056517434;1521834413;0.000006400000
croissant;100;10;selection_sort;3217182192;1398396263;0.000012200000
croissant;100;10;bubble_sort;3217182192;1398396263;0.000000400000
croissant;100;10;insertion_sort;3217182192;1398396263;0.000000500000
croissant;100;10;quick_sort_input_order;3217182192;1398396263;0.000029700000
croissant;100;10;merge_sort;3217182192;1398396263;0.000004900000
croissant;100;10;heap_sort;3217182192;1398396263;0.000006300000
croissant;100;11;selection_sort;2910723147;1105560796;0.000012300000
croissant;100;11;bubble_sort;2910723147;1105560796;0.000000400000
croissant;100;11;insertion_sort;2910723147;1105560796;0.000000500000
croissant;100;11;quick_sort_input_order;2910723147;1105560796;0.000013500000
croissant;100;11;merge_sort;2910723147;1105560796;0.000004800000
croissant;100;11;heap_sort;2910723147;1105560796;0.000005600000
croissant;100;12;selection_sort;2604660277;2007264930;0.000012700000
croissant;100;12;bubble_sort;2604660277;2007264930;0.000000400000
croissant;100;12;insertion_sort;2604660277;2007264930;0.000000400000
croissant;100;12;quick_sort_input_order;2604660277;2007264930;0.000006300000
croissant;100;12;merge_sort;2604660277;2007264930;0.000004600000
croissant;100;12;heap_sort;2604660277;2007264930;0.000006400000
croissant;100;13;selection_sort;2742509933;1340930554;0.000013200000
croissant;100;13;bubble_sort;2742509933;1340930554;0.000000400000
croissant;100;13;insertion_sort;2742509933;1340930554;0.000000400000
croissant;100;13;quick_sort_input_order;2742509933;1340930554;0.000007200000
croissant;100;13;merge_sort;2742509933;1340930554;0.000005300000
croissant;100;13;heap_sort;2742509933;1340930554;0.000011800000
croissant;100;14;selection_sort;2916586132;1095502339;0.000013500000
croissant;100;14;bubble_sort;2916586132;1095502339;0.000000800000
croissant;100;14;insertion_sort;2916586132;1095502339;0.000000500000
croissant;100;14;quick_sort_input_order;2916586132;1095502339;0.000006400000
croissant;100;14;merge_sort;2916586132;1095502339;0.000005200000
croissant;100;14;heap_sort;2916586132;1095502339;0.000014900000
croissant;100;15;selection_sort;2924510984;1120659359;0.000013300000
croissant;100;15;bubble_sort;2924510984;1120659359;0.000000300000
croissant;100;15;insertion_sort;2924510984;1120659359;0.000006400000
croissant;100;15;quick_sort_input_order;2924510984;1120659359;0.000010300000
croissant;100;15;merge_sort;2924510984;1120659359;0.000004800000
croissant;100;15;heap_sort;2924510984;1120659359;0.000013100000
croissant;100;16;selection_sort;2226951502;1747389913;0.000012400000
croissant;100;16;bubble_sort;2226951502;1747389913;0.000009300000
croissant;100;16;insertion_sort;2226951502;1747389913;0.000000500000
croissant;100;16;quick_sort_input_order;2226951502;1747389913;0.000008800000
croissant;100;16;merge_sort;2226951502;1747389913;0.000004700000
croissant;100;16;heap_sort;2226951502;1747389913;0.000011400000
croissant;100;17;selection_sort;3114894253;1429347130;0.000012300000
croissant;100;17;bubble_sort;3114894253;1429347130;0.000000500000
croissant;100;17;insertion_sort;3114894253;1429347130;0.000000400000
croissant;100;17;quick_sort_input_order;3114894253;1429347130;0.000006000000
croissant;100;17;merge_sort;3114894253;1429347130;0.000004100000
croissant;100;17;heap_sort;3114894253;1429347130;0.000006600000
croissant;100;18;selection_sort;1080358551;2902420992;0.000013400000
croissant;100;18;bubble_sort;1080358551;2902420992;0.000000700000
croissant;100;18;insertion_sort;1080358551;2902420992;0.000000500000
croissant;100;18;quick_sort_input_order;1080358551;2902420992;0.000005800000
croissant;100;18;merge_sort;1080358551;2902420992;0.000004900000
croissant;100;18;heap_sort;1080358551;2902420992;0.000006600000
croissant;100;19;selection_sort;3942325038;106988473;0.000013900000
croissant;100;19;bubble_sort;3942325038;106988473;0.000000400000
croissant;100;19;insertion_sort;3942325038;106988473;0.000000400000
croissant;100;19;quick_sort_input_order;3942325038;106988473;0.000005800000
croissant;100;19;merge_sort;3942325038;106988473;0.000005800000
croissant;100;19;heap_sort;3942325038;106988473;0.000005700000
croissant;100;20;selection_sort;1404956450;3206969269;0.000019300000
croissant;100;20;bubble_sort;1404956450;3206969269;0.000000300000
croissant;100;20;insertion_sort;1404956450;3206969269;0.000000400000
croissant;100;20;quick_sort_input_order;1404956450;3206969269;0.000006100000
croissant;100;20;merge_sort;1404956450;3206969269;0.000004600000
croissant;100;20;heap_sort;1404956450;3206969269;0.000006800000
croissant;500;1;selection_sort;485259164;4034391819;0.000376600000
croissant;500;1;bubble_sort;485259164;4034391819;0.000001100000
croissant;500;1;insertion_sort;485259164;4034391819;0.000001200000
croissant;500;1;quick_sort_input_order;485259164;4034391819;0.000036900000
croissant;500;1;merge_sort;485259164;4034391819;0.000029100000
croissant;500;1;heap_sort;485259164;4034391819;0.000035700000
croissant;500;2;selection_sort;2532961069;2053272506;0.000336300000
croissant;500;2;bubble_sort;2532961069;2053272506;0.000000900000
croissant;500;2;insertion_sort;2532961069;2053272506;0.000001300000
croissant;500;2;quick_sort_input_order;2532961069;2053272506;0.000026500000
croissant;500;2;merge_sort;2532961069;2053272506;0.000027500000
croissant;500;2;heap_sort;2532961069;2053272506;0.000039000000
croissant;500;3;selection_sort;86149769;3921220126;0.000576000000
croissant;500;3;bubble_sort;86149769;3921220126;0.000001000000
croissant;500;3;insertion_sort;86149769;3921220126;0.000001500000
croissant;500;3;quick_sort_input_order;86149769;3921220126;0.000034400000
croissant;500;3;merge_sort;86149769;3921220126;0.000020900000
croissant;500;3;heap_sort;86149769;3921220126;0.000036900000
croissant;500;4;selection_sort;2193773135;1851378392;0.000346100000
croissant;500;4;bubble_sort;2193773135;1851378392;0.000009200000
croissant;500;4;insertion_sort;2193773135;1851378392;0.000001200000
croissant;500;4;quick_sort_input_order;2193773135;1851378392;0.000042500000
croissant;500;4;merge_sort;2193773135;1851378392;0.000021500000
croissant;500;4;heap_sort;2193773135;1851378392;0.000034500000
croissant;500;5;selection_sort;922881236;3684275267;0.000382400000
croissant;500;5;bubble_sort;922881236;3684275267;0.000001700000
croissant;500;5;insertion_sort;922881236;3684275267;0.000001300000
croissant;500;5;quick_sort_input_order;922881236;3684275267;0.000037200000
croissant;500;5;merge_sort;922881236;3684275267;0.000024000000
croissant;500;5;heap_sort;922881236;3684275267;0.000043700000
croissant;500;6;selection_sort;2775879974;1240402353;0.000352700000
croissant;500;6;bubble_sort;2775879974;1240402353;0.000001000000
croissant;500;6;insertion_sort;2775879974;1240402353;0.000001300000
croissant;500;6;quick_sort_input_order;2775879974;1240402353;0.000049500000
croissant;500;6;merge_sort;2775879974;1240402353;0.000027600000
croissant;500;6;heap_sort;2775879974;1240402353;0.000038200000
croissant;500;7;selection_sort;1040769894;3532880881;0.000338800000
croissant;500;7;bubble_sort;1040769894;3532880881;0.000001200000
croissant;500;7;insertion_sort;1040769894;3532880881;0.000001200000
croissant;500;7;quick_sort_input_order;1040769894;3532880881;0.000051200000
croissant;500;7;merge_sort;1040769894;3532880881;0.000034600000
croissant;500;7;heap_sort;1040769894;3532880881;0.000034400000
croissant;500;8;selection_sort;2863997067;1177466908;0.000547400000
croissant;500;8;bubble_sort;2863997067;1177466908;0.000001100000
croissant;500;8;insertion_sort;2863997067;1177466908;0.000001200000
croissant;500;8;quick_sort_input_order;2863997067;1177466908;0.000030800000
croissant;500;8;merge_sort;2863997067;1177466908;0.000027500000
croissant;500;8;heap_sort;2863997067;1177466908;0.000045400000
croissant;500;9;selection_sort;3369668983;608340448;0.000426000000
croissant;500;9;bubble_sort;3369668983;608340448;0.000001200000
croissant;500;9;insertion_sort;3369668983;608340448;0.000001200000
croissant;500;9;quick_sort_input_order;3369668983;608340448;0.000041500000
croissant;500;9;merge_sort;3369668983;608340448;0.000030800000
croissant;500;9;heap_sort;3369668983;608340448;0.000040200000
croissant;500;10;selection_sort;3241516477;766379306;0.000380200000
croissant;500;10;bubble_sort;3241516477;766379306;0.000001100000
croissant;500;10;insertion_sort;3241516477;766379306;0.000001700000
croissant;500;10;quick_sort_input_order;3241516477;766379306;0.000043800000
croissant;500;10;merge_sort;3241516477;766379306;0.000055700000
croissant;500;10;heap_sort;3241516477;766379306;0.000037400000
croissant;500;11;selection_sort;3549023238;1058165905;0.000456900000
croissant;500;11;bubble_sort;3549023238;1058165905;0.000001000000
croissant;500;11;insertion_sort;3549023238;1058165905;0.000001300000
croissant;500;11;quick_sort_input_order;3549023238;1058165905;0.000034000000
croissant;500;11;merge_sort;3549023238;1058165905;0.000032800000
croissant;500;11;heap_sort;3549023238;1058165905;0.000052800000
croissant;500;12;selection_sort;3855099512;156483311;0.000326500000
croissant;500;12;bubble_sort;3855099512;156483311;0.000001200000
croissant;500;12;insertion_sort;3855099512;156483311;0.000001000000
croissant;500;12;quick_sort_input_order;3855099512;156483311;0.000036000000
croissant;500;12;merge_sort;3855099512;156483311;0.000034600000
croissant;500;12;heap_sort;3855099512;156483311;0.000047000000
croissant;500;13;selection_sort;3716198688;823863735;0.000342100000
croissant;500;13;bubble_sort;3716198688;823863735;0.000001000000
croissant;500;13;insertion_sort;3716198688;823863735;0.000001300000
croissant;500;13;quick_sort_input_order;3716198688;823863735;0.000044700000
croissant;500;13;merge_sort;3716198688;823863735;0.000042400000
croissant;500;13;heap_sort;3716198688;823863735;0.000037400000
croissant;500;14;selection_sort;3542106841;1069275726;0.000334300000
croissant;500;14;bubble_sort;3542106841;1069275726;0.000001100000
croissant;500;14;insertion_sort;3542106841;1069275726;0.000001200000
croissant;500;14;quick_sort_input_order;3542106841;1069275726;0.000046200000
croissant;500;14;merge_sort;3542106841;1069275726;0.000028000000
croissant;500;14;heap_sort;3542106841;1069275726;0.000048000000
croissant;500;15;selection_sort;3500650309;1010579410;0.000714200000
croissant;500;15;bubble_sort;3500650309;1010579410;0.000001400000
croissant;500;15;insertion_sort;3500650309;1010579410;0.000001300000
croissant;500;15;quick_sort_input_order;3500650309;1010579410;0.000034200000
croissant;500;15;merge_sort;3500650309;1010579410;0.000033600000
croissant;500;15;heap_sort;3500650309;1010579410;0.000061900000
croissant;500;16;selection_sort;4199236867;382786964;0.000329000000
croissant;500;16;bubble_sort;4199236867;382786964;0.000001100000
croissant;500;16;insertion_sort;4199236867;382786964;0.000001400000
croissant;500;16;quick_sort_input_order;4199236867;382786964;0.000052800000
croissant;500;16;merge_sort;4199236867;382786964;0.000018300000
croissant;500;16;heap_sort;4199236867;382786964;0.000051500000
croissant;500;17;selection_sort;3344847840;734382967;0.000332800000
croissant;500;17;bubble_sort;3344847840;734382967;0.000001100000
croissant;500;17;insertion_sort;3344847840;734382967;0.000001200000
croissant;500;17;quick_sort_input_order;3344847840;734382967;0.000043100000
croissant;500;17;merge_sort;3344847840;734382967;0.000014500000
croissant;500;17;heap_sort;3344847840;734382967;0.000047400000
croissant;500;18;selection_sort;1049831130;3523788365;0.000338300000
croissant;500;18;bubble_sort;1049831130;3523788365;0.000001200000
croissant;500;18;insertion_sort;1049831130;3523788365;0.000001600000
croissant;500;18;quick_sort_input_order;1049831130;3523788365;0.000025200000
croissant;500;18;merge_sort;1049831130;3523788365;0.000019000000
croissant;500;18;heap_sort;1049831130;3523788365;0.000034100000
croissant;500;19;selection_sort;2483866467;2023183348;0.000361500000
croissant;500;19;bubble_sort;2483866467;2023183348;0.000001300000
croissant;500;19;insertion_sort;2483866467;2023183348;0.000001100000
croissant;500;19;quick_sort_input_order;2483866467;2023183348;0.000240200000
croissant;500;19;merge_sort;2483866467;2023183348;0.000017200000
croissant;500;19;heap_sort;2483866467;2023183348;0.000042100000
croissant;500;20;selection_sort;759840623;3251742712;0.000367800000
croissant;500;20;bubble_sort;759840623;3251742712;0.000001000000
croissant;500;20;insertion_sort;759840623;3251742712;0.000001100000
croissant;500;20;quick_sort_input_order;759840623;3251742712;0.000023700000
croissant;500;20;merge_sort;759840623;3251742712;0.000021000000
croissant;500;20;heap_sort;759840623;3251742712;0.000035300000
croissant;1000;1;selection_sort;90223308;3925551707;0.001350800000
croissant;1000;1;bubble_sort;90223308;3925551707;0.000002100000
croissant;1000;1;insertion_sort;90223308;3925551707;0.000002600000
croissant;1000;1;quick_sort_input_order;90223308;3925551707;0.000069200000
croissant;1000;1;merge_sort;90223308;3925551707;0.000094900000
croissant;1000;1;heap_sort;90223308;3925551707;0.000086100000
croissant;1000;2;selection_sort;2406821501;1676588778;0.001325100000
croissant;1000;2;bubble_sort;2406821501;1676588778;0.000002000000
croissant;1000;2;insertion_sort;2406821501;1676588778;0.000002300000
croissant;1000;2;quick_sort_input_order;2406821501;1676588778;0.000071500000
croissant;1000;2;merge_sort;2406821501;1676588778;0.000055500000
croissant;1000;2;heap_sort;2406821501;1676588778;0.000099300000
croissant;1000;3;selection_sort;481185753;4030060366;0.001375700000
croissant;1000;3;bubble_sort;481185753;4030060366;0.000001700000
croissant;1000;3;insertion_sort;481185753;4030060366;0.000002200000
croissant;1000;3;quick_sort_input_order;481185753;4030060366;0.000084000000
croissant;1000;3;merge_sort;481185753;4030060366;0.000054800000
croissant;1000;3;heap_sort;481185753;4030060366;0.000132300000
croissant;1000;4;selection_sort;2605618975;2010451848;0.001635600000
croissant;1000;4;bubble_sort;2605618975;2010451848;0.000001600000
croissant;1000;4;insertion_sort;2605618975;2010451848;0.000002200000
croissant;1000;4;quick_sort_input_order;2605618975;2010451848;0.000110300000
croissant;1000;4;merge_sort;2605618975;2010451848;0.000050800000
croissant;1000;4;heap_sort;2605618975;2010451848;0.000069900000
croissant;1000;5;selection_sort;781109636;3256176915;0.001355100000
croissant;1000;5;bubble_sort;781109636;3256176915;0.000001600000
croissant;1000;5;insertion_sort;781109636;3256176915;0.000002300000
croissant;1000;5;quick_sort_input_order;781109636;3256176915;0.000085200000
croissant;1000;5;merge_sort;781109636;3256176915;0.000028700000
croissant;1000;5;heap_sort;781109636;3256176915;0.000090800000
croissant;1000;6;selection_sort;3170391158;1348717793;0.001480300000
croissant;1000;6;bubble_sort;3170391158;1348717793;0.000002300000
croissant;1000;6;insertion_sort;3170391158;1348717793;0.000002500000
croissant;1000;6;quick_sort_input_order;3170391158;1348717793;0.000070500000
croissant;1000;6;merge_sort;3170391158;1348717793;0.000033500000
croissant;1000;6;heap_sort;3170391158;1348717793;0.000083400000
croissant;1000;7;selection_sort;662971958;3407855265;0.001349700000
croissant;1000;7;bubble_sort;662971958;3407855265;0.000001800000
croissant;1000;7;insertion_sort;662971958;3407855265;0.000002100000
croissant;1000;7;quick_sort_input_order;662971958;3407855265;0.000063900000
croissant;1000;7;merge_sort;662971958;3407855265;0.000060500000
croissant;1000;7;heap_sort;662971958;3407855265;0.000079600000
croissant;1000;8;selection_sort;3006916059;1604484428;0.002065100000
croissant;1000;8;bubble_sort;3006916059;1604484428;0.000001600000
croissant;1000;8;insertion_sort;3006916059;1604484428;0.000002200000
croissant;1000;8;quick_sort_input_order;3006916059;1604484428;0.000072700000
croissant;1000;8;merge_sort;3006916059;1604484428;0.000051800000
croissant;1000;8;heap_sort;3006916059;1604484428;0.000083400000
croissant;1000;9;selection_sort;3512063015;1036930224;0.002671500000
croissant;1000;9;bubble_sort;3512063015;1036930224;0.000002100000
croissant;1000;9;insertion_sort;3512063015;1036930224;0.000002000000
croissant;1000;9;quick_sort_input_order;3512063015;1036930224;0.000077000000
croissant;1000;9;merge_sort;3512063015;1036930224;0.000054900000
croissant;1000;9;heap_sort;3512063015;1036930224;0.000088100000
croissant;1000;10;selection_sort;3636025581;874692730;0.001534500000
croissant;1000;10;bubble_sort;3636025581;874692730;0.000001900000
croissant;1000;10;insertion_sort;3636025581;874692730;0.000002200000
croissant;1000;10;quick_sort_input_order;3636025581;874692730;0.000089700000
croissant;1000;10;merge_sort;3636025581;874692730;0.000051700000
croissant;1000;10;heap_sort;3636025581;874692730;0.000095200000
croissant;1000;11;selection_sort;3389327702;647926209;0.001343300000
croissant;1000;11;bubble_sort;3389327702;647926209;0.000001800000
croissant;1000;11;insertion_sort;3389327702;647926209;0.000002300000
croissant;1000;11;quick_sort_input_order;3389327702;647926209;0.000073900000
croissant;1000;11;merge_sort;3389327702;647926209;0.000055900000
croissant;1000;11;heap_sort;3389327702;647926209;0.000077200000
croissant;1000;12;selection_sort;4232373032;283081663;0.001323600000
croissant;1000;12;bubble_sort;4232373032;283081663;0.000002300000
croissant;1000;12;insertion_sort;4232373032;283081663;0.000002200000
croissant;1000;12;quick_sort_input_order;4232373032;283081663;0.000045900000
croissant;1000;12;merge_sort;4232373032;283081663;0.000065400000
croissant;1000;12;heap_sort;4232373032;283081663;0.000088100000
croissant;1000;13;selection_sort;3289150576;681045223;0.001593200000
croissant;1000;13;bubble_sort;3289150576;681045223;0.000001700000
croissant;1000;13;insertion_sort;3289150576;681045223;0.000002600000
croissant;1000;13;quick_sort_input_order;3289150576;681045223;0.000072000000
croissant;1000;13;merge_sort;3289150576;681045223;0.000048700000
croissant;1000;13;heap_sort;3289150576;681045223;0.000069400000
croissant;1000;14;selection_sort;3400304521;641146654;0.001359500000
croissant;1000;14;bubble_sort;3400304521;641146654;0.000002200000
croissant;1000;14;insertion_sort;3400304521;641146654;0.000002200000
croissant;1000;14;quick_sort_input_order;3400304521;641146654;0.000073300000
croissant;1000;14;merge_sort;3400304521;641146654;0.000035300000
croissant;1000;14;heap_sort;3400304521;641146654;0.000090300000
croissant;1000;15;selection_sort;3375065621;632353410;0.001324000000
croissant;1000;15;bubble_sort;3375065621;632353410;0.000002200000
croissant;1000;15;insertion_sort;3375065621;632353410;0.000002600000
croissant;1000;15;quick_sort_input_order;3375065621;632353410;0.000069300000
croissant;1000;15;merge_sort;3375065621;632353410;0.000049300000
croissant;1000;15;heap_sort;3375065621;632353410;0.000095700000
croissant;1000;16;selection_sort;3821502547;257693892;0.001477400000
croissant;1000;16;bubble_sort;3821502547;257693892;0.000001800000
croissant;1000;16;insertion_sort;3821502547;257693892;0.000002300000
croissant;1000;16;quick_sort_input_order;3821502547;257693892;0.000066400000
croissant;1000;16;merge_sort;3821502547;257693892;0.000047100000
croissant;1000;16;heap_sort;3821502547;257693892;0.000064500000
croissant;1000;17;selection_sort;3738343088;843648551;0.002180300000
croissant;1000;17;bubble_sort;3738343088;843648551;0.000001900000
croissant;1000;17;insertion_sort;3738343088;843648551;0.000002200000
croissant;1000;17;quick_sort_input_order;3738343088;843648551;0.000059500000
croissant;1000;17;merge_sort;3738343088;843648551;0.000063400000
croissant;1000;17;heap_sort;3738343088;843648551;0.000095600000
croissant;1000;18;selection_sort;656401290;3414457117;0.001468400000
croissant;1000;18;bubble_sort;656401290;3414457117;0.000002200000
croissant;1000;18;insertion_sort;656401290;3414457117;0.000004200000
croissant;1000;18;quick_sort_input_order;656401290;3414457117;0.000086300000
croissant;1000;18;merge_sort;656401290;3414457117;0.000047900000
croissant;1000;18;heap_sort;656401290;3414457117;0.000086000000
croissant;1000;19;selection_sort;2373979699;1629197988;0.001511200000
croissant;1000;19;bubble_sort;2373979699;1629197988;0.000002000000
croissant;1000;19;insertion_sort;2373979699;1629197988;0.000002300000
croissant;1000;19;quick_sort_input_order;2373979699;1629197988;0.000059100000
croissant;1000;19;merge_sort;2373979699;1629197988;0.000069100000
croissant;1000;19;heap_sort;2373979699;1629197988;0.000079300000
croissant;1000;20;selection_sort;885455423;3629998760;0.001572800000
croissant;1000;20;bubble_sort;885455423;3629998760;0.000001800000
croissant;1000;20;insertion_sort;885455423;3629998760;0.000002100000
croissant;1000;20;quick_sort_input_order;885455423;3629998760;0.000075500000
croissant;1000;20;merge_sort;885455423;3629998760;0.000061400000
croissant;1000;20;heap_sort;885455423;3629998760;0.000075300000
croissant;5000;1;selection_sort;3495793773;1019612410;0.041322300000
croissant;5000;1;bubble_sort;3495793773;1019612410;0.000009300000
croissant;5000;1;insertion_sort;3495793773;1019612410;0.000010800000
croissant;5000;1;quick_sort_input_order;3495793773;1019612410;0.000352500000
croissant;5000;1;merge_sort;3495793773;1019612410;0.000167000000
croissant;5000;1;heap_sort;3495793773;1019612410;0.000586500000
croissant;5000;2;selection_sort;1514670300;3067318347;0.041039500000
croissant;5000;2;bubble_sort;1514670300;3067318347;0.000017000000
croissant;5000;2;insertion_sort;1514670300;3067318347;0.000010600000
croissant;5000;2;quick_sort_input_order;1514670300;3067318347;0.000288700000
croissant;5000;2;merge_sort;1514670300;3067318347;0.000173600000
croissant;5000;2;heap_sort;1514670300;3067318347;0.000535100000
croissant;5000;3;selection_sort;3381881208;621343215;0.039416800000
croissant;5000;3;bubble_sort;3381881208;621343215;0.000008700000
croissant;5000;3;insertion_sort;3381881208;621343215;0.000019800000
croissant;5000;3;quick_sort_input_order;3381881208;621343215;0.000479700000
croissant;5000;3;merge_sort;3381881208;621343215;0.000175700000
croissant;5000;3;heap_sort;3381881208;621343215;0.000325800000
croissant;5000;4;selection_sort;1316204990;2733123881;0.040502600000
croissant;5000;4;bubble_sort;1316204990;2733123881;0.000009100000
croissant;5000;4;insertion_sort;1316204990;2733123881;0.000010200000
croissant;5000;4;quick_sort_input_order;1316204990;2733123881;0.000230700000
croissant;5000;4;merge_sort;1316204990;2733123881;0.000265700000
croissant;5000;4;heap_sort;1316204990;2733123881;0.000341700000
croissant;5000;5;selection_sort;4222873381;388528050;0.038942800000
croissant;5000;5;bubble_sort;4222873381;388528050;0.000009000000
croissant;5000;5;insertion_sort;4222873381;388528050;0.000007500000
croissant;5000;5;quick_sort_input_order;4222873381;388528050;0.000577600000
croissant;5000;5;merge_sort;4222873381;388528050;0.000173900000
croissant;5000;5;heap_sort;4222873381;388528050;0.000539700000
croissant;5000;6;selection_sort;1774547671;2237590080;0.038799700000
croissant;5000;6;bubble_sort;1774547671;2237590080;0.000009100000
croissant;5000;6;insertion_sort;1774547671;2237590080;0.000010600000
croissant;5000;6;quick_sort_input_order;1774547671;2237590080;0.000327200000
croissant;5000;6;merge_sort;1774547671;2237590080;0.000146700000
croissant;5000;6;heap_sort;1774547671;2237590080;0.000504500000
croissant;5000;7;selection_sort;4072210583;505583616;0.041825500000
croissant;5000;7;bubble_sort;4072210583;505583616;0.000009000000
croissant;5000;7;insertion_sort;4072210583;505583616;0.000010600000
croissant;5000;7;quick_sort_input_order;4072210583;505583616;0.000317500000
croissant;5000;7;merge_sort;4072210583;505583616;0.000207200000
croissant;5000;7;heap_sort;4072210583;505583616;0.000388800000
croissant;5000;8;selection_sort;1711588218;2325699565;0.041261800000
croissant;5000;8;bubble_sort;1711588218;2325699565;0.000008400000
croissant;5000;8;insertion_sort;1711588218;2325699565;0.000010500000
croissant;5000;8;quick_sort_input_order;1711588218;2325699565;0.000322200000
croissant;5000;8;merge_sort;1711588218;2325699565;0.000159200000
croissant;5000;8;heap_sort;1711588218;2325699565;0.000412600000
croissant;5000;9;selection_sort;73986694;3908266513;0.044979500000
croissant;5000;9;bubble_sort;73986694;3908266513;0.000008400000
croissant;5000;9;insertion_sort;73986694;3908266513;0.000010500000
croissant;5000;9;quick_sort_input_order;73986694;3908266513;0.000351700000
croissant;5000;9;merge_sort;73986694;3908266513;0.000322800000
croissant;5000;9;heap_sort;73986694;3908266513;0.000334600000
croissant;5000;10;selection_sort;226786892;3776964315;0.039759300000
croissant;5000;10;bubble_sort;226786892;3776964315;0.000008500000
croissant;5000;10;insertion_sort;226786892;3776964315;0.000010300000
croissant;5000;10;quick_sort_input_order;226786892;3776964315;0.000461500000
croissant;5000;10;merge_sort;226786892;3776964315;0.000161500000
croissant;5000;10;heap_sort;226786892;3776964315;0.000507100000
croissant;5000;11;selection_sort;523775991;4087592800;0.043851200000
croissant;5000;11;bubble_sort;523775991;4087592800;0.000008300000
croissant;5000;11;insertion_sort;523775991;4087592800;0.000011100000
croissant;5000;11;quick_sort_input_order;523775991;4087592800;0.000292700000
croissant;5000;11;merge_sort;523775991;4087592800;0.000156600000
croissant;5000;11;heap_sort;523775991;4087592800;0.000397200000
croissant;5000;12;selection_sort;695846281;3319946526;0.038579000000
croissant;5000;12;bubble_sort;695846281;3319946526;0.000008000000
croissant;5000;12;insertion_sort;695846281;3319946526;0.000010700000
croissant;5000;12;quick_sort_input_order;695846281;3319946526;0.000398900000
croissant;5000;12;merge_sort;695846281;3319946526;0.000244500000
croissant;5000;12;heap_sort;695846281;3319946526;0.000385500000
croissant;5000;13;selection_sort;288445137;4255828550;0.040042000000
croissant;5000;13;bubble_sort;288445137;4255828550;0.000009100000
croissant;5000;13;insertion_sort;288445137;4255828550;0.000010800000
croissant;5000;13;quick_sort_input_order;288445137;4255828550;0.000247600000
croissant;5000;13;merge_sort;288445137;4255828550;0.000423900000
croissant;5000;13;heap_sort;288445137;4255828550;0.000325900000
croissant;5000;14;selection_sort;529637672;4077533631;0.039478400000
croissant;5000;14;bubble_sort;529637672;4077533631;0.000009200000
croissant;5000;14;insertion_sort;529637672;4077533631;0.000010500000
croissant;5000;14;quick_sort_input_order;529637672;4077533631;0.000255600000
croissant;5000;14;merge_sort;529637672;4077533631;0.000383900000
croissant;5000;14;heap_sort;529637672;4077533631;0.000341900000
croissant;5000;15;selection_sort;471223476;4035826723;0.036807900000
croissant;5000;15;bubble_sort;471223476;4035826723;0.000009000000
croissant;5000;15;insertion_sort;471223476;4035826723;0.000023700000
croissant;5000;15;quick_sort_input_order;471223476;4035826723;0.000219100000
croissant;5000;15;merge_sort;471223476;4035826723;0.000161500000
croissant;5000;15;heap_sort;471223476;4035826723;0.000454300000
croissant;5000;16;selection_sort;922396402;3663806053;0.040635400000
croissant;5000;16;bubble_sort;922396402;3663806053;0.000009000000
croissant;5000;16;insertion_sort;922396402;3663806053;0.000010200000
croissant;5000;16;quick_sort_input_order;922396402;3663806053;0.000274900000
croissant;5000;16;merge_sort;922396402;3663806053;0.000410400000
croissant;5000;16;heap_sort;922396402;3663806053;0.000321300000
croissant;5000;17;selection_sort;200257553;3883149446;0.066177500000
croissant;5000;17;bubble_sort;200257553;3883149446;0.000008700000
croissant;5000;17;insertion_sort;200257553;3883149446;0.000021300000
croissant;5000;17;quick_sort_input_order;200257553;3883149446;0.000237800000
croissant;5000;17;merge_sort;200257553;3883149446;0.000187200000
croissant;5000;17;heap_sort;200257553;3883149446;0.000347600000
croissant;5000;18;selection_sort;4062364971;515464636;0.038459100000
croissant;5000;18;bubble_sort;4062364971;515464636;0.000008800000
croissant;5000;18;insertion_sort;4062364971;515464636;0.000011000000
croissant;5000;18;quick_sort_input_order;4062364971;515464636;0.000657500000
croissant;5000;18;merge_sort;4062364971;515464636;0.000724200000
croissant;5000;18;heap_sort;4062364971;515464636;0.000591000000
croissant;5000;19;selection_sort;1488791698;3022434309;0.038989300000
croissant;5000;19;bubble_sort;1488791698;3022434309;0.000008300000
croissant;5000;19;insertion_sort;1488791698;3022434309;0.000009300000
croissant;5000;19;quick_sort_input_order;1488791698;3022434309;0.000369000000
croissant;5000;19;merge_sort;1488791698;3022434309;0.000160300000
croissant;5000;19;heap_sort;1488791698;3022434309;0.000460700000
croissant;5000;20;selection_sort;3791379614;224412681;0.039084500000
croissant;5000;20;bubble_sort;3791379614;224412681;0.000014200000
croissant;5000;20;insertion_sort;3791379614;224412681;0.000010700000
croissant;5000;20;quick_sort_input_order;3791379614;224412681;0.000454300000
croissant;5000;20;merge_sort;3791379614;224412681;0.000231400000
croissant;5000;20;heap_sort;3791379614;224412681;0.000403200000
croissant;10000;1;selection_sort;2618553646;1887989177;0.139495100000
croissant;10000;1;bubble_sort;2618553646;1887989177;0.000135500000
croissant;10000;1;insertion_sort;2618553646;1887989177;0.000027500000
croissant;10000;1;quick_sort_input_order;2618553646;1887989177;0.000619700000
croissant;10000;1;merge_sort;2618553646;1887989177;0.000297600000
croissant;10000;1;heap_sort;2618553646;1887989177;0.000767500000
croissant;10000;2;selection_sort;369519007;4204654856;0.141765300000
croissant;10000;2;bubble_sort;369519007;4204654856;0.000016800000
croissant;10000;2;insertion_sort;369519007;4204654856;0.000028600000
croissant;10000;2;quick_sort_input_order;369519007;4204654856;0.000447400000
croissant;10000;2;merge_sort;369519007;4204654856;0.000290300000
croissant;10000;2;heap_sort;369519007;4204654856;0.000669200000
croissant;10000;3;selection_sort;2245855291;1766232236;0.139335800000
croissant;10000;3;bubble_sort;2245855291;1766232236;0.000027000000
croissant;10000;3;insertion_sort;2245855291;1766232236;0.000035400000
croissant;10000;3;quick_sort_input_order;2245855291;1766232236;0.000551400000
croissant;10000;3;merge_sort;2245855291;1766232236;0.000287700000
croissant;10000;3;heap_sort;2245855291;1766232236;0.000781800000
croissant;10000;4;selection_sort;37605629;4003874922;0.138180100000
croissant;10000;4;bubble_sort;37605629;4003874922;0.000017700000
croissant;10000;4;insertion_sort;37605629;4003874922;0.000021600000
croissant;10000;4;quick_sort_input_order;37605629;4003874922;0.001345800000
croissant;10000;4;merge_sort;37605629;4003874922;0.000378000000
croissant;10000;4;heap_sort;37605629;4003874922;0.000591800000
croissant;10000;5;selection_sort;3086847590;1533417201;0.142961700000
croissant;10000;5;bubble_sort;3086847590;1533417201;0.000013400000
croissant;10000;5;insertion_sort;3086847590;1533417201;0.000021600000
croissant;10000;5;quick_sort_input_order;3086847590;1533417201;0.000438200000
croissant;10000;5;merge_sort;3086847590;1533417201;0.000299900000
croissant;10000;5;heap_sort;3086847590;1533417201;0.000675900000
croissant;10000;6;selection_sort;629871508;3373304579;0.140163900000
croissant;10000;6;bubble_sort;629871508;3373304579;0.000016500000
croissant;10000;6;insertion_sort;629871508;3373304579;0.000021600000
croissant;10000;6;quick_sort_input_order;629871508;3373304579;0.001011300000
croissant;10000;6;merge_sort;629871508;3373304579;0.000307900000
croissant;10000;6;heap_sort;629871508;3373304579;0.000808700000
croissant;10000;7;selection_sort;3203883476;1382873411;0.146388800000
croissant;10000;7;bubble_sort;3203883476;1382873411;0.000019100000
croissant;10000;7;insertion_sort;3203883476;1382873411;0.000019500000
croissant;10000;7;quick_sort_input_order;3203883476;1382873411;0.000453300000
croissant;10000;7;merge_sort;3203883476;1382873411;0.000518400000
croissant;10000;7;heap_sort;3203883476;1382873411;0.000773500000
croissant;10000;8;selection_sort;709534265;3335600814;0.145899300000
croissant;10000;8;bubble_sort;709534265;3335600814;0.000017100000
croissant;10000;8;insertion_sort;709534265;3335600814;0.000022700000
croissant;10000;8;quick_sort_input_order;709534265;3335600814;0.000840200000
croissant;10000;8;merge_sort;709534265;3335600814;0.000536400000
croissant;10000;8;heap_sort;709534265;3335600814;0.002228700000
croissant;10000;9;selection_sort;1210487749;2763852626;0.157582400000
croissant;10000;9;bubble_sort;1210487749;2763852626;0.000018900000
croissant;10000;9;insertion_sort;1210487749;2763852626;0.000029900000
croissant;10000;9;quick_sort_input_order;1210487749;2763852626;0.000624800000
croissant;10000;9;merge_sort;1210487749;2763852626;0.000455500000
croissant;10000;9;heap_sort;1210487749;2763852626;0.000776800000
croissant;10000;10;selection_sort;1103765263;2907801496;0.139209600000
croissant;10000;10;bubble_sort;1103765263;2907801496;0.000016800000
croissant;10000;10;insertion_sort;1103765263;2907801496;0.000056500000
croissant;10000;10;quick_sort_input_order;1103765263;2907801496;0.000426800000
croissant;10000;10;merge_sort;1103765263;2907801496;0.000291700000
croissant;10000;10;heap_sort;1103765263;2907801496;0.000671600000
croissant;10000;11;selection_sort;1400262324;3220035107;0.138162800000
croissant;10000;11;bubble_sort;1400262324;3220035107;0.000032300000
croissant;10000;11;insertion_sort;1400262324;3220035107;0.000021200000
croissant;10000;11;quick_sort_input_order;1400262324;3220035107;0.000679200000
croissant;10000;11;merge_sort;1400262324;3220035107;0.001432500000
croissant;10000;11;heap_sort;1400262324;3220035107;0.000697900000
croissant;10000;12;selection_sort;1698145482;2309766237;0.137710600000
croissant;10000;12;bubble_sort;1698145482;2309766237;0.000026500000
croissant;10000;12;insertion_sort;1698145482;2309766237;0.000020900000
croissant;10000;12;quick_sort_input_order;1698145482;2309766237;0.000993100000
croissant;10000;12;merge_sort;1698145482;2309766237;0.000304600000
croissant;10000;12;heap_sort;1698145482;2309766237;0.000604100000
croissant;10000;13;selection_sort;1568617362;2984553221;0.153127500000
croissant;10000;13;bubble_sort;1568617362;2984553221;0.000015800000
croissant;10000;13;insertion_sort;1568617362;2984553221;0.000023300000
croissant;10000;13;quick_sort_input_order;1568617362;2984553221;0.000964100000
croissant;10000;13;merge_sort;1568617362;2984553221;0.000479300000
croissant;10000;13;heap_sort;1568617362;2984553221;0.000805000000
croissant;10000;14;selection_sort;1407172715;3208927484;0.167855500000
croissant;10000;14;bubble_sort;1407172715;3208927484;0.000017300000
croissant;10000;14;insertion_sort;1407172715;3208927484;0.000018600000
croissant;10000;14;quick_sort_input_order;1407172715;3208927484;0.001179500000
croissant;10000;14;merge_sort;1407172715;3208927484;0.000289900000
croissant;10000;14;heap_sort;1407172715;3208927484;0.000627600000
croissant;10000;15;selection_sort;1347956215;3166942560;0.144835800000
croissant;10000;15;bubble_sort;1347956215;3166942560;0.000017100000
croissant;10000;15;insertion_sort;1347956215;3166942560;0.000018500000
croissant;10000;15;quick_sort_input_order;1347956215;3166942560;0.000432000000
croissant;10000;15;merge_sort;1347956215;3166942560;0.000300200000
croissant;10000;15;heap_sort;1347956215;3166942560;0.000838900000
croissant;10000;16;selection_sort;2058667953;2519686950;0.142240300000
croissant;10000;16;bubble_sort;2058667953;2519686950;0.000032100000
croissant;10000;16;insertion_sort;2058667953;2519686950;0.000011000000
croissant;10000;16;quick_sort_input_order;2058667953;2519686950;0.001061800000
croissant;10000;16;merge_sort;2058667953;2519686950;0.000332100000
croissant;10000;16;heap_sort;2058667953;2519686950;0.000753800000
croissant;10000;17;selection_sort;1201787218;2872723909;0.139646600000
croissant;10000;17;bubble_sort;1201787218;2872723909;0.000016800000
croissant;10000;17;insertion_sort;1201787218;2872723909;0.000034000000
croissant;10000;17;quick_sort_input_order;1201787218;2872723909;0.000455300000
croissant;10000;17;merge_sort;1201787218;2872723909;0.000439600000
croissant;10000;17;heap_sort;1201787218;2872723909;0.000794800000
croissant;10000;18;selection_sort;3194791016;1391934719;0.138345300000
croissant;10000;18;bubble_sort;3194791016;1391934719;0.000031400000
croissant;10000;18;insertion_sort;3194791016;1391934719;0.000037400000
croissant;10000;18;quick_sort_input_order;3194791016;1391934719;0.000946200000
croissant;10000;18;merge_sort;3194791016;1391934719;0.000396000000
croissant;10000;18;heap_sort;3194791016;1391934719;0.000859700000
croissant;10000;19;selection_sort;351488465;4167618886;0.140289900000
croissant;10000;19;bubble_sort;351488465;4167618886;0.000016600000
croissant;10000;19;insertion_sort;351488465;4167618886;0.000021300000
croissant;10000;19;quick_sort_input_order;351488465;4167618886;0.001424200000
croissant;10000;19;merge_sort;351488465;4167618886;0.000291400000
croissant;10000;19;heap_sort;351488465;4167618886;0.000783500000
croissant;10000;20;selection_sort;2914368989;1093543242;0.139718000000
croissant;10000;20;bubble_sort;2914368989;1093543242;0.000024600000
croissant;10000;20;insertion_sort;2914368989;1093543242;0.000021500000
croissant;10000;20;quick_sort_input_order;2914368989;1093543242;0.000762700000
croissant;10000;20;merge_sort;2914368989;1093543242;0.000277500000
croissant;10000;20;heap_sort;2914368989;1093543242;0.000816400000
croissant;20000;1;selection_sort;77576104;3892588351;0.536868700000
croissant;20000;1;bubble_sort;77576104;3892588351;0.000036000000
croissant;20000;1;insertion_sort;77576104;3892588351;0.000052600000
croissant;20000;1;quick_sort_input_order;77576104;3892588351;0.001107500000
croissant;20000;1;merge_sort;77576104;3892588351;0.001732600000
croissant;20000;1;heap_sort;77576104;3892588351;0.001683100000
croissant;20000;2;selection_sort;2391419673;1645327246;0.608887400000
croissant;20000;2;bubble_sort;2391419673;1645327246;0.000045500000
croissant;20000;2;insertion_sort;2391419673;1645327246;0.000051400000
croissant;20000;2;quick_sort_input_order;2391419673;1645327246;0.001347100000
croissant;20000;2;merge_sort;2391419673;1645327246;0.002321400000
croissant;20000;2;heap_sort;2391419673;1645327246;0.001706000000
croissant;20000;3;selection_sort;491866813;4056601130;0.561372700000
croissant;20000;3;bubble_sort;491866813;4056601130;0.000046500000
croissant;20000;3;insertion_sort;491866813;4056601130;0.000053300000
croissant;20000;3;quick_sort_input_order;491866813;4056601130;0.001073600000
croissant;20000;3;merge_sort;491866813;4056601130;0.000932900000
croissant;20000;3;heap_sort;491866813;4056601130;0.002209900000
croissant;20000;4;selection_sort;2595328635;1982466796;0.543513500000
croissant;20000;4;bubble_sort;2595328635;1982466796;0.000039600000
croissant;20000;4;insertion_sort;2595328635;1982466796;0.000056900000
croissant;20000;4;quick_sort_input_order;2595328635;1982466796;0.001521600000
croissant;20000;4;merge_sort;2595328635;1982466796;0.002335500000
croissant;20000;4;heap_sort;2595328635;1982466796;0.001679700000
croissant;20000;5;selection_sort;795987168;3286914167;0.622694100000
croissant;20000;5;bubble_sort;795987168;3286914167;0.000033000000
croissant;20000;5;insertion_sort;795987168;3286914167;0.000083300000
croissant;20000;5;quick_sort_input_order;795987168;3286914167;0.001438100000
croissant;20000;5;merge_sort;795987168;3286914167;0.000986900000
croissant;20000;5;heap_sort;795987168;3286914167;0.003542100000
croissant;20000;6;selection_sort;3171373330;1369229701;0.544860500000
croissant;20000;6;bubble_sort;3171373330;1369229701;0.000041900000
croissant;20000;6;insertion_sort;3171373330;1369229701;0.000047300000
croissant;20000;6;quick_sort_input_order;3171373330;1369229701;0.003290500000
croissant;20000;6;merge_sort;3171373330;1369229701;0.005191900000
croissant;20000;6;heap_sort;3171373330;1369229701;0.001183200000
croissant;20000;7;selection_sort;645604178;3403725765;0.562439900000
croissant;20000;7;bubble_sort;645604178;3403725765;0.000045700000
croissant;20000;7;insertion_sort;645604178;3403725765;0.000021900000
croissant;20000;7;quick_sort_input_order;645604178;3403725765;0.002531700000
croissant;20000;7;merge_sort;645604178;3403725765;0.001531500000
croissant;20000;7;heap_sort;645604178;3403725765;0.001194800000
croissant;20000;8;selection_sort;2999378111;1583183912;0.544739800000
croissant;20000;8;bubble_sort;2999378111;1583183912;0.000025300000
croissant;20000;8;insertion_sort;2999378111;1583183912;0.000048000000
croissant;20000;8;quick_sort_input_order;2999378111;1583183912;0.002162000000
croissant;20000;8;merge_sort;2999378111;1583183912;0.000616400000
croissant;20000;8;heap_sort;2999378111;1583183912;0.001229900000
croissant;20000;9;selection_sort;3500855619;1009863124;0.564208600000
croissant;20000;9;bubble_sort;3500855619;1009863124;0.000037100000
croissant;20000;9;insertion_sort;3500855619;1009863124;0.000071900000
croissant;20000;9;quick_sort_input_order;3500855619;1009863124;0.002005500000
croissant;20000;9;merge_sort;3500855619;1009863124;0.000913000000
croissant;20000;9;heap_sort;3500855619;1009863124;0.003190500000
croissant;20000;10;selection_sort;3645267337;903726366;0.639022500000
croissant;20000;10;bubble_sort;3645267337;903726366;0.000035900000
croissant;20000;10;insertion_sort;3645267337;903726366;0.000039600000
croissant;20000;10;quick_sort_input_order;3645267337;903726366;0.002263600000
croissant;20000;10;merge_sort;3645267337;903726366;0.001021500000
croissant;20000;10;heap_sort;3645267337;903726366;0.001308400000
croissant;20000;11;selection_sort;3422161970;660706469;0.542525000000
croissant;20000;11;bubble_sort;3422161970;660706469;0.000050000000
croissant;20000;11;insertion_sort;3422161970;660706469;0.000042900000
croissant;20000;11;quick_sort_input_order;3422161970;660706469;0.001069000000
croissant;20000;11;merge_sort;3422161970;660706469;0.000576000000
croissant;20000;11;heap_sort;3422161970;660706469;0.001201500000
croissant;20000;12;selection_sort;4256949836;287342299;0.551316100000
croissant;20000;12;bubble_sort;4256949836;287342299;0.000037400000
croissant;20000;12;insertion_sort;4256949836;287342299;0.000050700000
croissant;20000;12;quick_sort_input_order;4256949836;287342299;0.001521500000
croissant;20000;12;merge_sort;4256949836;287342299;0.000566500000
croissant;20000;12;heap_sort;4256949836;287342299;0.001281600000
croissant;20000;13;selection_sort;3321065748;694741379;0.536864100000
croissant;20000;13;bubble_sort;3321065748;694741379;0.000047000000
croissant;20000;13;insertion_sort;3321065748;694741379;0.000041500000
croissant;20000;13;quick_sort_input_order;3321065748;694741379;0.000904200000
croissant;20000;13;merge_sort;3321065748;694741379;0.000566600000
croissant;20000;13;heap_sort;3321065748;694741379;0.001231300000
croissant;20000;14;selection_sort;3411247853;667425402;0.546507700000
croissant;20000;14;bubble_sort;3411247853;667425402;0.000044400000
croissant;20000;14;insertion_sort;3411247853;667425402;0.000042100000
croissant;20000;14;quick_sort_input_order;3411247853;667425402;0.000854700000
croissant;20000;14;merge_sort;3411247853;667425402;0.000579700000
croissant;20000;14;heap_sort;3411247853;667425402;0.001295400000
croissant;20000;15;selection_sort;3369365361;609220582;0.539656200000
croissant;20000;15;bubble_sort;3369365361;609220582;0.000043000000
croissant;20000;15;insertion_sort;3369365361;609220582;0.000042900000
croissant;20000;15;quick_sort_input_order;3369365361;609220582;0.000861500000
croissant;20000;15;merge_sort;3369365361;609220582;0.000631900000
croissant;20000;15;heap_sort;3369365361;609220582;0.003131700000
croissant;20000;16;selection_sort;3795354935;245570976;0.538765500000
croissant;20000;16;bubble_sort;3795354935;245570976;0.000043800000
croissant;20000;16;insertion_sort;3795354935;245570976;0.000050700000
croissant;20000;16;quick_sort_input_order;3795354935;245570976;0.002099000000
croissant;20000;16;merge_sort;3795354935;245570976;0.001554000000
croissant;20000;16;heap_sort;3795354935;245570976;0.001236700000
croissant;20000;17;selection_sort;3744306132;867568451;0.543253700000
croissant;20000;17;bubble_sort;3744306132;867568451;0.000031400000
croissant;20000;17;insertion_sort;3744306132;867568451;0.000051400000
croissant;20000;17;quick_sort_input_order;3744306132;867568451;0.000919000000
croissant;20000;17;merge_sort;3744306132;867568451;0.000781800000
croissant;20000;17;heap_sort;3744306132;867568451;0.001255000000
croissant;20000;18;selection_sort;652273390;3397090937;0.549200400000
croissant;20000;18;bubble_sort;652273390;3397090937;0.000056200000
croissant;20000;18;insertion_sort;652273390;3397090937;0.000213600000
croissant;20000;18;quick_sort_input_order;652273390;3397090937;0.000831700000
croissant;20000;18;merge_sort;652273390;3397090937;0.001022400000
croissant;20000;18;heap_sort;652273390;3397090937;0.001936600000
croissant;20000;19;selection_sort;2357136215;1625592768;0.555877100000
croissant;20000;19;bubble_sort;2357136215;1625592768;0.000046100000
croissant;20000;19;insertion_sort;2357136215;1625592768;0.000044000000
croissant;20000;19;quick_sort_input_order;2357136215;1625592768;0.002725500000
croissant;20000;19;merge_sort;2357136215;1625592768;0.001318700000
croissant;20000;19;heap_sort;2357136215;1625592768;0.001234300000
croissant;20000;20;selection_sort;892993371;3651299276;0.630949400000
croissant;20000;20;bubble_sort;892993371;3651299276;0.000038500000
croissant;20000;20;insertion_sort;892993371;3651299276;0.000024500000
croissant;20000;20;quick_sort_input_order;892993371;3651299276;0.001375600000
croissant;20000;20;merge_sort;892993371;3651299276;0.001023100000
croissant;20000;20;heap_sort;892993371;3651299276;0.001162200000