configuration;taille;algorithme;statut;repetition_representative;graine_entree;graine_pivot;comparaisons;mouvements
croissant;100;selection_sort;mesure;1;1645979601;2390769478;4950;0
croissant;100;bubble_sort;mesure;1;1645979601;2390769478;99;0
croissant;100;insertion_sort;mesure;1;1645979601;2390769478;99;99
croissant;100;quick_sort_input_order;mesure;1;1645979601;2390769478;628;1314
croissant;100;merge_sort;mesure;1;1645979601;2390769478;356;1344
croissant;100;heap_sort;mesure;1;1645979601;2390769478;1081;1920
croissant;500;selection_sort;mesure;1;485259164;4034391819;124750;0
croissant;500;bubble_sort;mesure;1;485259164;4034391819;499;0
croissant;500;insertion_sort;mesure;1;485259164;4034391819;499;499
croissant;500;quick_sort_input_order;mesure;1;485259164;4034391819;4480;8748
croissant;500;merge_sort;mesure;1;485259164;4034391819;2272;8976
croissant;500;heap_sort;mesure;1;485259164;4034391819;7756;13062
croissant;1000;selection_sort;mesure;1;90223308;3925551707;499500;0
croissant;1000;bubble_sort;mesure;1;90223308;3925551707;999;0
croissant;1000;insertion_sort;mesure;1;90223308;3925551707;999;999
croissant;1000;quick_sort_input_order;mesure;1;90223308;3925551707;10975;21846
croissant;1000;merge_sort;mesure;1;90223308;3925551707;5044;19952
croissant;1000;heap_sort;mesure;1;90223308;3925551707;17583;29124
croissant;5000;selection_sort;mesure;1;3495793773;1019612410;12497500;0
croissant;5000;bubble_sort;mesure;1;3495793773;1019612410;4999;0
croissant;5000;insertion_sort;mesure;1;3495793773;1019612410;4999;4999
croissant;5000;quick_sort_input_order;mesure;1;3495793773;1019612410;73086;145263
croissant;5000;merge_sort;mesure;1;3495793773;1019612410;32004;123616
croissant;5000;heap_sort;mesure;1;3495793773;1019612410;112126;182796
croissant;10000;selection_sort;mesure;1;2618553646;1887989177;49995000;0
croissant;10000;bubble_sort;mesure;1;2618553646;1887989177;9999;0
croissant;10000;insertion_sort;mesure;1;2618553646;1887989177;9999;9999
croissant;10000;quick_sort_input_order;mesure;1;2618553646;1887989177;150904;260907
croissant;10000;merge_sort;mesure;1;2618553646;1887989177;69008;267232
croissant;10000;heap_sort;mesure;1;2618553646;1887989177;244460;395868
croissant;20000;selection_sort;mesure;1;77576104;3892588351;199990000;0
croissant;20000;bubble_sort;mesure;1;77576104;3892588351;19999;0
croissant;20000;insertion_sort;mesure;1;77576104;3892588351;19999;19999
croissant;20000;quick_sort_input_order;mesure;1;77576104;3892588351;325005;584943
croissant;20000;merge_sort;mesure;1;77576104;3892588351;148016;574464
croissant;20000;heap_sort;mesure;1;77576104;3892588351;529074;848634